<?xml version="1.0" encoding="UTF-8"?><idempiere Name="CreateOrderLinesFromRequisition" Version="1.0" idempiereVersion="" DataBaseVersion="" Description="" Author="" AuthorEmail="cvargas@frontuari.net" CreatedDate="2020-01-07 23:20:03.284" UpdatedDate="2020-01-07 23:20:03.284" PackOutVersion="100" UpdateDictionary="false" Client="0-SYSTEM-System" AD_Client_UU="11237b53-9592-4af1-b3c5-afd216514b5d">
    <AD_Form type="table">
        <AD_Client_ID>0</AD_Client_ID>
        <AD_Org_ID>0</AD_Org_ID>
        <IsActive>Y</IsActive>
        <Name>Create Order From Requisition</Name>
        <Description/>
        <Help/>
        <Classname>net.frontuari.webui.apps.form.WCreateFromRequisitionUI</Classname>
        <AccessLevel>3</AccessLevel>
        <EntityType>FTU</EntityType>
        <IsBetaFunctionality>N</IsBetaFunctionality>
        <JSPURL/>
        <AD_Form_UU>d2e435ce-4447-4b27-880a-0f858acb1f45</AD_Form_UU>
        <AD_CtxHelp_ID reference="id"/>
        <AD_Form_Trl type="translation">
            <Help/>
            <Description/>
            <Name>Crear Lineas de la Orden desde Requisicion</Name>
            <AD_Language>es_VE</AD_Language>
            <IsActive>Y</IsActive>
            <IsTranslated>N</IsTranslated>
        </AD_Form_Trl>
        <AD_Form_Trl type="translation">
            <Help/>
            <Description/>
            <Name>Crear Lineas de la Orden desde Requisicion</Name>
            <AD_Language>es_CO</AD_Language>
            <IsActive>Y</IsActive>
            <IsTranslated>N</IsTranslated>
        </AD_Form_Trl>
    </AD_Form>
    <AD_Menu type="table">
        <Parent_ID reference="id">203</Parent_ID>
        <SeqNo>8</SeqNo>
        <AD_Menu_ID>205</AD_Menu_ID>
        <AD_Client_ID>0</AD_Client_ID>
        <AD_Org_ID>0</AD_Org_ID>
        <AD_Menu_ID>205</AD_Menu_ID>
        <Name>Purchase Order</Name>
        <Description>Manage Purchase Orders</Description>
        <Action>W</Action>
        <AD_Window_ID reference="id">181</AD_Window_ID>
        <AD_Workflow_ID reference="id"/>
        <AD_Task_ID reference="id"/>
        <IsActive>Y</IsActive>
        <IsSummary>N</IsSummary>
        <AD_Process_ID reference="id"/>
        <IsSOTrx>N</IsSOTrx>
        <AD_Form_ID reference="id"/>
        <IsReadOnly>N</IsReadOnly>
        <EntityType>D</EntityType>
        <IsCentrallyMaintained>Y</IsCentrallyMaintained>
        <AD_Menu_UU>547c004d-f878-4ca6-9e88-e6d5b656c2b5</AD_Menu_UU>
        <AD_InfoWindow_ID reference="id"/>
        <AD_Menu_Trl type="translation">
            <Name>Órdenes de Compra</Name>
            <Description>Administrar Órdenes de Compra</Description>
            <AD_Language>es_CO</AD_Language>
            <IsActive>Y</IsActive>
            <IsTranslated>Y</IsTranslated>
        </AD_Menu_Trl>
        <AD_Menu_Trl type="translation">
            <Name>Órdenes de Compra</Name>
            <Description>Administrar Órdenes de Compra</Description>
            <AD_Language>es_VE</AD_Language>
            <IsActive>Y</IsActive>
            <IsTranslated>N</IsTranslated>
        </AD_Menu_Trl>
        <AD_Process type="table">
            <AD_Client_ID>0</AD_Client_ID>
            <AD_Org_ID>0</AD_Org_ID>
            <IsActive>Y</IsActive>
            <Name>Create From Requisition</Name>
            <Description/>
            <Help/>
            <ProcedureName/>
            <IsReport>N</IsReport>
            <Value>CreateFromRequisition</Value>
            <IsDirectPrint>N</IsDirectPrint>
            <AD_ReportView_ID reference="id"/>
            <Classname/>
            <AccessLevel>3</AccessLevel>
            <EntityType>FTU</EntityType>
            <Statistic_Count>0</Statistic_Count>
            <Statistic_Seconds>0</Statistic_Seconds>
            <AD_PrintFormat_ID reference="id"/>
            <WorkflowValue/>
            <AD_Workflow_ID reference="id"/>
            <IsBetaFunctionality>N</IsBetaFunctionality>
            <IsServerProcess>N</IsServerProcess>
            <ShowHelp>Y</ShowHelp>
            <JasperReport/>
            <AD_Form_ID reference="uuid" reference-key="AD_Form">d2e435ce-4447-4b27-880a-0f858acb1f45</AD_Form_ID>
            <CopyFromProcess>N</CopyFromProcess>
            <AD_Process_UU>5ef008e0-af79-41ef-a82d-9829319e9659</AD_Process_UU>
            <AD_CtxHelp_ID reference="id"/>
            <ExecutionType/>
            <AllowMultipleExecution>P</AllowMultipleExecution>
            <AD_Process_Trl type="translation">
                <Help/>
                <Description/>
                <Name>Create From Requisition</Name>
                <AD_Language>es_VE</AD_Language>
                <IsActive>Y</IsActive>
                <IsTranslated>N</IsTranslated>
            </AD_Process_Trl>
            <AD_Process_Trl type="translation">
                <Help/>
                <Description/>
                <Name>Create From Requisition</Name>
                <AD_Language>es_CO</AD_Language>
                <IsActive>Y</IsActive>
                <IsTranslated>N</IsTranslated>
            </AD_Process_Trl>
        </AD_Process>
        <AD_Column type="table">
            <IsSyncDatabase>Y</IsSyncDatabase>
            <AD_Table_ID reference="id">259</AD_Table_ID>
            <AD_Reference_Value_ID reference="id"/>
            <AD_Client_ID>0</AD_Client_ID>
            <AD_Org_ID>0</AD_Org_ID>
            <Version>0</Version>
            <Name>Create lines from</Name>
            <Description>Process which will generate a new document lines based on an existing document</Description>
            <Help>The Create From process will create a new document based on information in an existing document selected by the user.</Help>
            <AD_Val_Rule_ID reference="id"/>
            <ColumnName>CreateFrom</ColumnName>
            <DefaultValue/>
            <FieldLength>1</FieldLength>
            <IsKey>N</IsKey>
            <IsParent>N</IsParent>
            <IsMandatory>N</IsMandatory>
            <IsTranslated>N</IsTranslated>
            <IsIdentifier>N</IsIdentifier>
            <SeqNo>0</SeqNo>
            <IsEncrypted>N</IsEncrypted>
            <AD_Reference_ID reference="id">28</AD_Reference_ID>
            <IsActive>Y</IsActive>
            <VFormat/>
            <Callout/>
            <AD_Element_ID reference="id">1490</AD_Element_ID>
            <IsUpdateable>Y</IsUpdateable>
            <AD_Process_ID reference="uuid" reference-key="AD_Process">5ef008e0-af79-41ef-a82d-9829319e9659</AD_Process_ID>
            <ValueMin/>
            <ValueMax/>
            <IsSelectionColumn>N</IsSelectionColumn>
            <ReadOnlyLogic/>
            <EntityType>FTU</EntityType>
            <IsAlwaysUpdateable>N</IsAlwaysUpdateable>
            <ColumnSQL/>
            <MandatoryLogic/>
            <IsAutocomplete>N</IsAutocomplete>
            <IsAllowLogging>Y</IsAllowLogging>
            <FormatPattern/>
            <AD_Chart_ID reference="id"/>
            <AD_Column_UU>5d391564-1680-48ca-b296-479579ea1587</AD_Column_UU>
            <IsAllowCopy>Y</IsAllowCopy>
            <SeqNoSelection>0</SeqNoSelection>
            <IsToolbarButton>Y</IsToolbarButton>
            <IsSecure>N</IsSecure>
            <FKConstraintName/>
            <FKConstraintType>N</FKConstraintType>
            <PA_DashboardContent_ID reference="id"/>
            <Placeholder/>
            <IsHtml>N</IsHtml>
        </AD_Column>
        <AD_Field type="table">
            <AD_Client_ID>0</AD_Client_ID>
            <AD_Org_ID>0</AD_Org_ID>
            <Name>Create From Requisition</Name>
            <Description/>
            <Help/>
            <AD_Tab_ID reference="id">294</AD_Tab_ID>
            <AD_Column_ID reference="uuid" reference-key="AD_Column">5d391564-1680-48ca-b296-479579ea1587</AD_Column_ID>
            <IsDisplayed>Y</IsDisplayed>
            <DisplayLogic/>
            <DisplayLength>23</DisplayLength>
            <SeqNo>490</SeqNo>
            <SortNo/>
            <IsSameLine>N</IsSameLine>
            <IsHeading>N</IsHeading>
            <IsFieldOnly>N</IsFieldOnly>
            <IsEncrypted>N</IsEncrypted>
            <IsActive>Y</IsActive>
            <IsReadOnly>N</IsReadOnly>
            <IsCentrallyMaintained>Y</IsCentrallyMaintained>
            <AD_FieldGroup_ID reference="id"/>
            <EntityType>FTU</EntityType>
            <ObscureType/>
            <AD_Reference_ID reference="id"/>
            <IsMandatory/>
            <DefaultValue/>
            <AD_Reference_Value_ID reference="id"/>
            <AD_Val_Rule_ID reference="id"/>
            <Included_Tab_ID reference="id"/>
            <AD_Field_UU>01379dea-638b-47e0-b756-ffa0a6a77b6c</AD_Field_UU>
            <IsAllowCopy/>
            <IsDisplayedGrid>Y</IsDisplayedGrid>
            <SeqNoGrid>450</SeqNoGrid>
            <XPosition>2</XPosition>
            <ColumnSpan>2</ColumnSpan>
            <NumLines>1</NumLines>
            <IsQuickEntry>N</IsQuickEntry>
            <IsUpdateable/>
            <IsAlwaysUpdateable/>
            <MandatoryLogic/>
            <ReadOnlyLogic/>
            <IsToolbarButton/>
            <IsDefaultFocus>N</IsDefaultFocus>
            <IsAdvancedField>N</IsAdvancedField>
            <VFormat/>
            <AD_LabelStyle_ID reference="id"/>
            <AD_FieldStyle_ID reference="id"/>
            <Placeholder/>
            <AD_Field_Trl type="translation">
                <Help/>
                <Description/>
                <Name>Create From Requisition</Name>
                <Placeholder/>
                <AD_Language>es_CO</AD_Language>
                <IsActive>Y</IsActive>
                <IsTranslated>N</IsTranslated>
            </AD_Field_Trl>
            <AD_Field_Trl type="translation">
                <Help/>
                <Description/>
                <Name>Create From Requisition</Name>
                <Placeholder/>
                <AD_Language>es_VE</AD_Language>
                <IsActive>Y</IsActive>
                <IsTranslated>N</IsTranslated>
            </AD_Field_Trl>
        </AD_Field>
    </AD_Menu>
</idempiere>
